gaia_mag,detected,distance_px,source
15.257219314575195,True,2.90,rdls
8.73708438873291,True,0.89,rdls
6.932096004486084,True,1.22,rdls
10.096783638000488,False,,rdls
6.922459125518799,True,0.86,rdls
8.851381301879883,True,0.93,rdls
11.738127708435059,False,,rdls
10.115667343139648,False,,rdls
11.344619750976562,False,,rdls
10.299707412719727,False,,rdls
7.224283695220947,True,0.84,rdls
10.971920013427734,False,,rdls
10.108834266662598,False,,rdls
9.084450721740723,True,1.35,rdls
9.875093460083008,False,,rdls
6.922459125518799,True,0.86,rdls
7.224283695220947,True,0.84,rdls
16.63102149963379,True,3.53,rdls
9.985430717468262,True,1.14,rdls
9.169397354125977,False,,rdls
7.922093868255615,False,,rdls
8.375807762145996,True,0.62,rdls
8.624509811401367,True,0.61,rdls
8.533025741577148,True,0.86,rdls
6.7981696128845215,True,0.62,rdls
7.932165622711182,True,1.07,rdls
8.866302490234375,True,0.91,rdls
6.356471538543701,True,1.06,rdls
7.619794845581055,True,1.14,rdls
10.724897384643555,True,0.91,rdls
8.791097640991211,True,1.16,rdls
11.160311698913574,True,0.70,rdls
10.735302925109863,True,0.93,rdls
7.348013401031494,True,0.72,rdls
8.822379112243652,True,0.82,rdls
6.621140003204346,False,,rdls
8.429609298706055,False,,rdls
8.666555404663086,True,0.45,rdls
8.57031536102295,False,,rdls
12.653827667236328,False,,rdls
19.977697372436523,False,,rdls
11.062941551208496,False,,rdls
9.049483299255371,False,,rdls
8.661680221557617,False,,rdls
7.7714762687683105,True,0.87,rdls
8.466485023498535,False,,rdls
8.886919975280762,False,,rdls
7.09876012802124,True,0.75,rdls
8.097660064697266,False,,rdls
7.496365070343018,False,,rdls
8.348639488220215,False,,rdls
18.247774124145508,True,1.03,rdls
8.575552940368652,True,0.83,rdls
8.588125228881836,True,1.13,rdls
18.461029052734375,False,,rdls
8.420816421508789,True,0.59,rdls
10.904229164123535,True,1.07,rdls
10.137046813964844,True,0.54,rdls
10.397073745727539,False,,rdls
4.100274085998535,True,0.78,rdls
8.106485366821289,True,0.55,rdls
9.051498413085938,False,,rdls
9.095098495483398,True,0.85,rdls
6.9205498695373535,False,,rdls
8.35378360748291,False,,rdls
7.882882595062256,True,0.87,rdls
5.264230251312256,False,,rdls
12.966459274291992,True,0.92,rdls
6.584900856018066,False,,rdls
5.604337692260742,False,,rdls
8.193582534790039,False,,rdls
7.005467414855957,False,,rdls
7.347492218017578,False,,rdls
7.347492218017578,False,,rdls
6.7113237380981445,True,0.86,rdls
4.231449127197266,True,1.46,rdls
4.231449127197266,True,1.46,rdls
7.6187262535095215,True,0.69,rdls
8.937994956970215,False,,rdls
10.459444046020508,True,1.01,rdls
11.286940574645996,False,,rdls
10.125406265258789,True,1.15,rdls
9.556561470031738,True,0.99,rdls
9.435391426086426,True,4.01,rdls
10.660686492919922,True,0.72,rdls
10.771256446838379,True,0.59,rdls
5.1630988121032715,True,0.05,rdls
8.493518829345703,False,,rdls
7.77487850189209,True,1.39,rdls
7.845519542694092,True,0.97,rdls
8.07233715057373,True,0.89,rdls
12.470903396606445,True,1.13,rdls
8.33059310913086,False,,rdls
4.992712020874023,True,1.25,rdls
7.382998466491699,False,,rdls
7.881389617919922,True,0.75,rdls
8.978110313415527,True,0.68,rdls
7.7858428955078125,True,1.01,rdls
7.330114364624023,True,0.56,rdls
14.355595588684082,False,,rdls
7.177235126495361,True,0.77,rdls
8.221031188964844,True,1.20,rdls
8.840776443481445,True,0.57,rdls
8.796576499938965,False,,rdls
7.632884979248047,True,0.88,rdls
9.16981315612793,True,0.99,rdls
10.852919578552246,False,,rdls
9.842684745788574,True,3.42,rdls
9.915414810180664,True,1.00,rdls
8.609460830688477,True,2.24,rdls
8.609460830688477,True,1.73,rdls
10.624259948730469,True,1.44,rdls
8.609460830688477,True,1.73,rdls
8.444967269897461,False,,rdls
7.220285415649414,True,1.14,rdls
9.889052391052246,True,0.74,rdls
11.103737831115723,False,,rdls
9.011557579040527,True,1.16,rdls
10.713285446166992,False,,rdls
7.463438987731934,False,,wcs
16.373098373413086,False,,rdls
14.14441204071045,True,1.04,rdls
8.33576774597168,False,,rdls
8.473906517028809,False,,rdls
9.689918518066406,True,0.91,rdls
14.136003494262695,False,,rdls
8.245250701904297,False,,rdls
8.913893699645996,True,1.01,rdls
9.080598831176758,False,,rdls
8.212342262268066,True,0.92,rdls
8.911750793457031,False,,rdls
7.348013401031494,True,0.86,rdls
8.588125228881836,True,0.64,rdls
9.164189338684082,False,,rdls
9.140763282775879,False,,rdls
7.419086456298828,True,1.35,rdls
6.77386474609375,True,0.60,rdls
6.035377025604248,True,1.14,rdls
7.438666820526123,False,,rdls
9.315873146057129,False,,rdls
4.273470401763916,True,0.54,rdls
6.248250484466553,True,1.30,rdls
7.3572211265563965,True,0.72,rdls
8.422669410705566,True,0.73,rdls
7.881389617919922,True,0.63,rdls
9.335081100463867,True,1.22,rdls
8.947855949401855,False,,rdls
9.32164478302002,True,0.75,rdls
8.463109016418457,True,0.70,rdls
7.986505508422852,False,,rdls
8.570226669311523,False,,rdls
14.842663764953613,False,,rdls
8.647830963134766,True,0.91,rdls
5.22788143157959,True,0.86,rdls
7.264615058898926,False,,rdls
9.395801544189453,False,,rdls
8.475905418395996,True,0.97,rdls
7.489837646484375,True,0.38,rdls
5.707456111907959,False,,rdls
8.808319091796875,True,1.17,rdls
10.092581748962402,True,1.33,rdls
8.808319091796875,True,1.17,rdls
8.990239143371582,True,1.54,rdls
7.209077835083008,True,0.61,rdls
5.263336181640625,True,0.77,rdls
10.386846542358398,False,,rdls
10.596471786499023,False,,rdls
7.209077835083008,True,0.61,rdls
5.263336181640625,True,0.77,rdls
18.20599365234375,True,0.82,rdls
8.64163589477539,False,,rdls
4.137869358062744,True,1.19,rdls
8.520438194274902,False,,rdls
10.065876007080078,False,,rdls
11.122291564941406,False,,rdls
20.054901123046875,True,0.76,rdls
15.563800811767578,False,,rdls
7.7901129722595215,True,0.81,rdls
6.656163215637207,True,0.72,rdls
9.335081100463867,False,,rdls
7.482027530670166,True,1.13,rdls
7.344399452209473,False,,rdls
6.7113237380981445,True,0.70,rdls
6.676937103271484,True,0.98,rdls
7.654512405395508,True,1.09,rdls
6.68900728225708,True,0.88,rdls
9.615375518798828,True,1.23,rdls
11.296598434448242,True,1.02,rdls
9.615375518798828,True,0.67,rdls
11.143115043640137,True,0.95,rdls
11.286262512207031,True,2.36,rdls
9.44113540649414,True,0.70,rdls
9.393208503723145,True,1.23,rdls
11.702227592468262,False,,rdls
11.81624984741211,False,,rdls
9.554085731506348,True,0.90,rdls
8.662842750549316,True,1.50,rdls
9.393208503723145,True,1.23,rdls
9.44113540649414,True,0.70,rdls
8.662842750549316,True,1.50,rdls
10.976205825805664,False,,rdls
8.36774730682373,True,0.96,rdls
6.7113237380981445,True,0.74,rdls
8.301392555236816,False,,rdls
7.118977069854736,False,,rdls
8.588125228881836,True,0.71,rdls
8.825630187988281,True,0.69,rdls
9.335081100463867,True,1.22,rdls
8.715091705322266,False,,rdls
11.119546890258789,False,,rdls
9.532946586608887,False,,rdls
9.224172592163086,False,,rdls
9.597103118896484,False,,rdls
11.23233413696289,True,1.62,rdls
9.463334083557129,True,0.81,rdls
11.471395492553711,False,,rdls
9.922704696655273,True,1.35,rdls
18.051998138427734,False,,rdls
11.393512725830078,True,0.88,rdls
11.387688636779785,True,0.69,rdls
10.889018058776855,True,0.92,rdls
11.573391914367676,True,0.79,rdls
16.534460067749023,True,0.78,rdls
10.05051040649414,False,,rdls
10.650723457336426,False,,rdls
9.746171951293945,False,,rdls
11.18736457824707,False,,rdls
8.126940727233887,True,1.09,rdls
12.303888320922852,False,,rdls
16.496517181396484,False,,rdls
11.080938339233398,False,,rdls
10.255638122558594,False,,rdls
11.702795028686523,False,,rdls
11.65246868133545,False,,rdls
13.655587196350098,False,,rdls
11.396418571472168,False,,rdls
9.583053588867188,False,,rdls
10.638020515441895,False,,rdls
10.382170677185059,False,,rdls
10.656095504760742,False,,rdls
8.126940727233887,True,1.09,rdls
5.122554779052734,True,0.49,rdls
7.0909247398376465,True,1.05,rdls
5.122554779052734,True,0.49,rdls
7.0909247398376465,True,1.05,rdls
7.503419399261475,True,1.61,rdls
7.738511085510254,True,2.00,rdls
6.622763156890869,True,1.90,rdls
8.213628768920898,False,,rdls
6.360001087188721,True,0.71,rdls
9.234307289123535,False,,rdls
11.23233413696289,False,,rdls
9.463334083557129,True,1.16,rdls
8.15174388885498,True,1.19,rdls
11.471395492553711,False,,rdls
9.922704696655273,True,1.39,rdls
11.548874855041504,True,3.18,rdls
10.807149887084961,True,1.15,rdls
7.511546611785889,True,0.63,rdls
16.524742126464844,False,,rdls
5.833229064941406,False,,rdls
4.963927745819092,False,,rdls
7.5201921463012695,False,,rdls
2.9466283321380615,True,0.78,rdls
9.19732666015625,False,,rdls
8.53341007232666,False,,rdls
7.123813152313232,False,,rdls
8.952709197998047,False,,rdls
8.116494178771973,False,,rdls
8.09476089477539,False,,rdls
6.320143699645996,False,,rdls
4.9676008224487305,False,,rdls
4.834993839263916,True,0.59,rdls
6.37481164932251,True,0.57,rdls
6.4859113693237305,True,1.17,rdls
7.429707050323486,True,1.34,rdls
13.252717971801758,True,2.77,rdls
16.007848739624023,False,,rdls
6.335691452026367,False,,rdls
7.921289920806885,False,,rdls
8.415966987609863,False,,rdls
13.504531860351562,False,,rdls
9.169041633605957,False,,rdls
8.12459659576416,False,,rdls
8.282819747924805,False,,rdls
7.695529460906982,False,,rdls
8.609307289123535,False,,rdls
9.227090835571289,False,,rdls
9.567303657531738,False,,rdls
9.463334083557129,True,0.85,rdls
8.15174388885498,True,0.70,rdls
11.471395492553711,False,,rdls
9.922704696655273,True,1.24,rdls
7.6225810050964355,True,0.75,rdls
11.773330688476562,False,,rdls
10.035845756530762,True,1.14,rdls
11.342488288879395,True,1.09,rdls
10.84292984008789,True,0.71,rdls
11.434045791625977,True,1.25,rdls
10.206544876098633,True,0.87,rdls
14.236506462097168,False,,rdls
7.538193702697754,True,1.39,rdls
8.717833518981934,True,0.83,rdls
8.444967269897461,True,0.62,rdls
7.220285415649414,True,2.20,rdls
10.254707336425781,True,1.36,wcs
19.581012725830078,False,,rdls
10.50173568725586,True,0.91,rdls
10.178776741027832,True,0.53,rdls
8.421073913574219,True,0.74,rdls
8.822331428527832,True,0.67,rdls
8.911090850830078,False,,rdls
8.970832824707031,False,,rdls
9.926605224609375,False,,rdls
4.680750846862793,True,1.21,rdls
10.787735939025879,False,,rdls
9.545701026916504,True,0.81,rdls
11.7450532913208,False,,rdls
9.916679382324219,True,0.87,rdls
10.611013412475586,True,0.92,rdls
11.312041282653809,False,,rdls
10.42012882232666,True,0.97,rdls
8.672874450683594,True,0.97,rdls
8.808319091796875,False,,rdls
5.928206920623779,True,0.69,rdls
7.538193702697754,True,1.51,rdls
8.717833518981934,True,0.65,rdls
17.86426544189453,True,2.45,rdls
10.410752296447754,True,1.57,rdls
11.15987491607666,True,1.40,rdls
11.509611129760742,True,0.87,rdls
9.208711624145508,True,1.24,rdls
10.191585540771484,True,0.95,rdls
11.940936088562012,False,,rdls
8.957880020141602,True,0.93,rdls
8.957880020141602,True,0.93,rdls
17.105077743530273,True,0.92,rdls
11.23233413696289,False,,rdls
9.463334083557129,True,0.79,rdls
8.15174388885498,True,0.42,rdls
11.471395492553711,False,,rdls
9.922704696655273,True,1.19,rdls
10.958669662475586,True,1.57,rdls
11.23233413696289,True,1.21,rdls
9.463334083557129,True,0.66,rdls
11.471395492553711,True,1.10,rdls
9.922704696655273,True,1.28,rdls
9.480026245117188,False,,rdls
8.70546817779541,True,0.85,rdls
8.822510719299316,True,0.73,rdls
8.592177391052246,True,0.83,rdls
6.676937103271484,True,0.98,rdls
18.20349884033203,False,,rdls
9.909622192382812,True,1.51,rdls
16.80154037475586,True,2.32,rdls
16.448204040527344,False,,rdls
15.56228256225586,False,,rdls
19.04670524597168,False,,rdls
9.926605224609375,False,,rdls
4.680750846862793,True,1.27,rdls
11.119546890258789,True,0.57,rdls
9.532946586608887,True,0.82,rdls
9.926605224609375,False,,rdls
4.680750846862793,True,1.42,rdls
8.588125228881836,True,1.30,rdls
9.34525203704834,False,,rdls
15.518123626708984,True,1.17,rdls
8.644227027893066,False,,rdls
19.731037139892578,True,1.14,rdls
8.149882316589355,False,,rdls
8.68938159942627,True,0.62,rdls
8.544045448303223,False,,rdls
9.833620071411133,False,,rdls
7.464597225189209,True,4.99,rdls
9.789422988891602,False,,rdls
8.86892032623291,False,,rdls
6.2350239753723145,True,4.22,rdls
14.05403995513916,False,,rdls
10.627349853515625,False,,rdls
11.119546890258789,False,,rdls
9.597103118896484,False,,rdls
6.621140003204346,False,,rdls
8.429609298706055,True,1.15,rdls
8.666555404663086,False,,rdls
8.57031536102295,False,,rdls
7.610952377319336,True,0.67,rdls
7.8039937019348145,True,0.27,rdls
8.625473976135254,True,4.17,rdls
11.236457824707031,False,,rdls
11.263153076171875,False,,rdls
7.859952449798584,False,,rdls
9.286558151245117,True,3.33,rdls
10.77250862121582,False,,rdls
11.694616317749023,False,,rdls
8.830392837524414,True,3.80,rdls
11.286613464355469,False,,rdls
11.825498580932617,False,,rdls
9.79019546508789,True,3.25,rdls
11.812610626220703,False,,rdls
11.755634307861328,False,,rdls
7.859952449798584,False,,rdls
8.830392837524414,True,3.80,rdls
